{
    "AX": {
        "error": 0.011400084273976692, 
        "filter_outliers_dict": {
            "filter_outliers": true, 
            "iterations": 1, 
            "std_devs": 2
        }, 
        "fit": "average", 
        "value": -0.13532782561708537
    }, 
    "H1": {
        "error": 0.011557075551951488, 
        "filter_outliers_dict": {
            "filter_outliers": true, 
            "iterations": 1, 
            "std_devs": 2
        }, 
        "fit": "average", 
        "value": 0.12935253866792298
    }, 
    "H2": {
        "error": 0.009167573733610001, 
        "filter_outliers_dict": {
            "filter_outliers": true, 
            "iterations": 1, 
            "std_devs": 2
        }, 
        "fit": "average", 
        "value": -0.13855859372754525
    }, 
    "L1": {
        "error": 0.011837899637255471, 
        "filter_outliers_dict": {
            "filter_outliers": true, 
            "iterations": 1, 
            "std_devs": 2
        }, 
        "fit": "average", 
        "value": 0.016422211576692113
    }, 
    "L2(CDD)": {
        "error": 7.10134006941875e-06, 
        "filter_outliers_dict": {
            "filter_outliers": true, 
            "iterations": 1, 
            "std_devs": 2
        }, 
        "fit": "average", 
        "value": 5.290379200374057e-05
    }
}