{
    "Ar36": {
        "error": 0.00029052295067065166, 
        "filter_outliers_dict": {
            "filter_outliers": true, 
            "iterations": 2, 
            "std_devs": 2
        }, 
        "fit": "Parabolic", 
        "value": 0.004698883182460343
    }, 
    "Ar37": {
        "error": 0.01249659512131715, 
        "filter_outliers_dict": {
            "filter_outliers": true, 
            "iterations": 2, 
            "std_devs": 2
        }, 
        "fit": "linear", 
        "value": 0.04459132469479242
    }, 
    "Ar38": {
        "error": 0.013528551350297421, 
        "filter_outliers_dict": {
            "filter_outliers": true, 
            "iterations": 2, 
            "std_devs": 2
        }, 
        "fit": "linear", 
        "value": -0.11021218593850296
    }, 
    "Ar39": {
        "error": 0.023386812420795437, 
        "filter_outliers_dict": {
            "filter_outliers": true, 
            "iterations": 2, 
            "std_devs": 2
        }, 
        "fit": "Parabolic", 
        "value": 0.07347327039761949
    }, 
    "Ar40": {
        "error": 0.021726630052211208, 
        "filter_outliers_dict": {
            "filter_outliers": true, 
            "iterations": 2, 
            "std_devs": 2
        }, 
        "fit": "Parabolic", 
        "value": 0.7668584330989923
    }
}