{
    "Ar36": {
        "error": 0.0041899612617082365, 
        "filter_outliers_dict": {
            "filter_outliers": true, 
            "iterations": 2, 
            "std_devs": 2
        }, 
        "fit": "Parabolic", 
        "value": 4.1315805004112764
    }, 
    "Ar37": {
        "error": 0.012749739490862293, 
        "filter_outliers_dict": {
            "filter_outliers": true, 
            "iterations": 2, 
            "std_devs": 2
        }, 
        "fit": "linear", 
        "value": 0.050959123295871794
    }, 
    "Ar38": {
        "error": 0.013953439477543956, 
        "filter_outliers_dict": {
            "filter_outliers": true, 
            "iterations": 2, 
            "std_devs": 2
        }, 
        "fit": "linear", 
        "value": 0.6558899374765854
    }, 
    "Ar39": {
        "error": 0.025012234239782775, 
        "filter_outliers_dict": {
            "filter_outliers": true, 
            "iterations": 2, 
            "std_devs": 2
        }, 
        "fit": "Parabolic", 
        "value": 0.07386584168709168
    }, 
    "Ar40": {
        "error": 0.0925436997462886, 
        "filter_outliers_dict": {
            "filter_outliers": true, 
            "iterations": 2, 
            "std_devs": 2
        }, 
        "fit": "Parabolic", 
        "value": 1222.549708191724
    }
}